{
    "0": {
        "precision": 0.7002442002442002,
        "recall": 0.6769624237654929,
        "f1-score": 0.688406521956587,
        "support": 5083.0
    },
    "1": {
        "precision": 0.10984308131241084,
        "recall": 0.2978723404255319,
        "f1-score": 0.16050026055237102,
        "support": 517.0
    },
    "2": {
        "precision": 0.28189300411522633,
        "recall": 0.08477722772277228,
        "f1-score": 0.13035204567078973,
        "support": 1616.0
    },
    "3": {
        "precision": 0.13569321533923304,
        "recall": 0.2358974358974359,
        "f1-score": 0.17228464419475656,
        "support": 195.0
    },
    "4": {
        "precision": 0.16696588868940754,
        "recall": 0.3240418118466899,
        "f1-score": 0.22037914691943128,
        "support": 287.0
    },
    "accuracy": 0.5028578851649779,
    "macro avg": {
        "precision": 0.27892787794009555,
        "recall": 0.32391024793158457,
        "f1-score": 0.27438452385878714,
        "support": 7698.0
    },
    "weighted avg": {
        "precision": 0.538587766247727,
        "recall": 0.502857885164978,
        "f1-score": 0.5052795807221042,
        "support": 7698.0
    }
}