{
    "class_0": 0.6905676289841028,
    "class_1": 0.60289470090452,
    "class_2": 0.5598524476543347,
    "class_3": 0.7762508671744978,
    "class_4": 0.8066340786391074
}