{
    "0": {
        "precision": 0.9241573033707865,
        "recall": 0.9113573407202216,
        "f1-score": 0.9177126917712691,
        "support": 361.0
    },
    "1": {
        "precision": 0.302158273381295,
        "recall": 0.5675675675675675,
        "f1-score": 0.39436619718309857,
        "support": 74.0
    },
    "2": {
        "precision": 0.6022727272727273,
        "recall": 0.265,
        "f1-score": 0.3680555555555556,
        "support": 200.0
    },
    "3": {
        "precision": 0.2073170731707317,
        "recall": 0.4358974358974359,
        "f1-score": 0.2809917355371901,
        "support": 39.0
    },
    "4": {
        "precision": 0.2647058823529412,
        "recall": 0.3050847457627119,
        "f1-score": 0.28346456692913385,
        "support": 59.0
    },
    "accuracy": 0.626193724420191,
    "macro avg": {
        "precision": 0.46012225190969636,
        "recall": 0.4969814179895874,
        "f1-score": 0.44891814939524943,
        "support": 733.0
    },
    "weighted avg": {
        "precision": 0.6823165854216879,
        "recall": 0.626193724420191,
        "f1-score": 0.629974868440461,
        "support": 733.0
    }
}