{
    "class_0": 0.9598337950138504,
    "class_1": 0.8094369027601198,
    "class_2": 0.8335178236397748,
    "class_3": 0.8583832114091481,
    "class_4": 0.8172559472916563
}