{
    "0": {
        "precision": 0.9320652173913043,
        "recall": 0.9501385041551247,
        "f1-score": 0.9410150891632373,
        "support": 361.0
    },
    "1": {
        "precision": 0.42,
        "recall": 0.5675675675675675,
        "f1-score": 0.4827586206896552,
        "support": 74.0
    },
    "2": {
        "precision": 0.7348484848484849,
        "recall": 0.485,
        "f1-score": 0.5843373493975904,
        "support": 200.0
    },
    "3": {
        "precision": 0.4411764705882353,
        "recall": 0.38461538461538464,
        "f1-score": 0.410958904109589,
        "support": 39.0
    },
    "4": {
        "precision": 0.3434343434343434,
        "recall": 0.576271186440678,
        "f1-score": 0.43037974683544306,
        "support": 59.0
    },
    "accuracy": 0.7244201909959073,
    "macro avg": {
        "precision": 0.5743049032524736,
        "recall": 0.592718528555751,
        "f1-score": 0.5698899420391029,
        "support": 733.0
    },
    "weighted avg": {
        "precision": 0.753061049199898,
        "recall": 0.7244201909959073,
        "f1-score": 0.7281280454598176,
        "support": 733.0
    }
}