{
    "accuracy": [
        0.49846363067626953,
        0.6534653306007385,
        0.6742915511131287,
        0.7121884822845459,
        0.7138954997062683,
        0.7415500283241272,
        0.752133846282959,
        0.7439399361610413,
        0.7579378485679626,
        0.7634004950523376,
        0.7630590796470642,
        0.7651075720787048,
        0.7671560049057007
    ],
    "loss": [
        1.4289268255233765,
        1.0919638872146606,
        1.0058304071426392,
        0.9137381911277771,
        0.9058955907821655,
        0.8361386060714722,
        0.8008379936218262,
        0.8185698390007019,
        0.8086193203926086,
        0.7861880660057068,
        0.7658398747444153,
        0.7673778533935547,
        0.7611765265464783
    ],
    "val_accuracy": [
        0.6698499321937561,
        0.6780354976654053,
        0.6875852942466736,
        0.6766712069511414,
        0.6725784540176392,
        0.7025920748710632,
        0.6930422782897949,
        0.7189631462097168,
        0.7039563655853271,
        0.6998635530471802,
        0.6998635530471802,
        0.7053205966949463,
        0.7135061621665955
    ],
    "val_loss": [
        0.8806731104850769,
        0.7825016975402832,
        0.7507737278938293,
        0.7621743679046631,
        0.7778437733650208,
        0.7172908782958984,
        0.7313873767852783,
        0.6911889910697937,
        0.7179445624351501,
        0.7154372930526733,
        0.7132582664489746,
        0.7078469395637512,
        0.6954134702682495
    ],
    "learning_rate": [
        0.0010000000474974513,
        0.0010000000474974513,
        0.0010000000474974513,
        0.0010000000474974513,
        0.0010000000474974513,
        0.0003000000142492354,
        0.0003000000142492354,
        0.0003000000142492354,
        0.0003000000142492354,
        0.0003000000142492354,
        9.000000136438757e-05,
        9.000000136438757e-05,
        2.700000004551839e-05
    ]
}