{
    "class_0": 0.9822625323921009,
    "class_1": 0.8807775909445105,
    "class_2": 0.9081988742964353,
    "class_3": 0.8995788073597872,
    "class_4": 0.8937283106171101
}