{
    "experiment_name": "exp2_fl_loss_asc",
    "model_name": "mobilenet",
    "method": "FL-only",
    "sequencing_strategy": "loss_ascending",
    "global_val_accuracy": 0.626193724420191,
    "global_val_loss": 0.9277353882789612,
    "precision_macro": 0.46012225190969636,
    "recall_macro": 0.4969814179895874,
    "f1_macro": 0.44891814939524943,
    "precision_weighted": 0.6823165854216879,
    "recall_weighted": 0.626193724420191,
    "f1_weighted": 0.629974868440461,
    "auc_macro_ovr": 0.8556855360229099,
    "auc_weighted_ovr": 0.8933109708968191,
    "best_round_val_accuracy": 0.6261937022209167,
    "best_round_val_loss": 0.9018022418022156
}