{
    "0": {
        "precision": 0.9057142857142857,
        "recall": 0.8781163434903048,
        "f1-score": 0.8917018284106891,
        "support": 361.0
    },
    "1": {
        "precision": 0.2482758620689655,
        "recall": 0.4864864864864865,
        "f1-score": 0.3287671232876712,
        "support": 74.0
    },
    "2": {
        "precision": 0.5684210526315789,
        "recall": 0.27,
        "f1-score": 0.36610169491525424,
        "support": 200.0
    },
    "3": {
        "precision": 0.21518987341772153,
        "recall": 0.4358974358974359,
        "f1-score": 0.288135593220339,
        "support": 39.0
    },
    "4": {
        "precision": 0.265625,
        "recall": 0.288135593220339,
        "f1-score": 0.2764227642276423,
        "support": 59.0
    },
    "accuracy": 0.6016371077762619,
    "macro avg": {
        "precision": 0.4406452147665103,
        "recall": 0.4717271718189133,
        "f1-score": 0.4302258008123192,
        "support": 733.0
    },
    "weighted avg": {
        "precision": 0.6590501521494782,
        "recall": 0.6016371077762619,
        "f1-score": 0.6098222338166732,
        "support": 733.0
    }
}