{
    "class_0": 0.9456333958835971,
    "class_1": 0.7532912274945659,
    "class_2": 0.8003283302063791,
    "class_3": 0.8150077588117934,
    "class_4": 0.7654026052406578
}