{
    "0": {
        "precision": 0.8128891656288917,
        "recall": 0.513673027739524,
        "f1-score": 0.6295358649789029,
        "support": 5083.0
    },
    "1": {
        "precision": 0.09993906154783669,
        "recall": 0.31721470019342357,
        "f1-score": 0.1519925857275255,
        "support": 517.0
    },
    "2": {
        "precision": 0.32490272373540857,
        "recall": 0.10334158415841584,
        "f1-score": 0.1568075117370892,
        "support": 1616.0
    },
    "3": {
        "precision": 0.04279069767441861,
        "recall": 0.4717948717948718,
        "f1-score": 0.07846481876332623,
        "support": 195.0
    },
    "4": {
        "precision": 0.3259668508287293,
        "recall": 0.20557491289198607,
        "f1-score": 0.25213675213675213,
        "support": 287.0
    },
    "accuracy": 0.40179267342166797,
    "macro avg": {
        "precision": 0.32129769988305695,
        "recall": 0.32231981935564424,
        "f1-score": 0.2537875066687192,
        "support": 7698.0
    },
    "weighted avg": {
        "precision": 0.624905637503594,
        "recall": 0.40179267342166797,
        "f1-score": 0.4701969076381043,
        "support": 7698.0
    }
}