{
    "class_0": 0.7013953458628825,
    "class_1": 0.5937890311769964,
    "class_2": 0.5243128868337343,
    "class_3": 0.7377671153760719,
    "class_4": 0.824593539032524
}