{
    "experiment_name": "exp3_fl_loss_desc",
    "model_name": "mobilenet",
    "method": "FL-only",
    "sequencing_strategy": "loss_descending",
    "global_val_accuracy": 0.6016371077762619,
    "global_val_loss": 1.0632253885269165,
    "precision_macro": 0.4406452147665103,
    "recall_macro": 0.4717271718189133,
    "f1_macro": 0.4302258008123192,
    "precision_weighted": 0.6590501521494782,
    "recall_weighted": 0.6016371077762619,
    "f1_weighted": 0.6098222338166732,
    "auc_macro_ovr": 0.8159326635273987,
    "auc_weighted_ovr": 0.8651117722956493,
    "best_round_val_accuracy": 0.6016371250152588,
    "best_round_val_loss": 1.0473095178604126
}