{
    "0": {
        "precision": 0.8180726508555989,
        "recall": 0.5362062180243998,
        "f1-score": 0.647806965410674,
        "support": 5082.0
    },
    "1": {
        "precision": 0.1102257636122178,
        "recall": 0.32108317214700194,
        "f1-score": 0.16411270390509144,
        "support": 517.0
    },
    "2": {
        "precision": 0.33548387096774196,
        "recall": 0.06439628482972136,
        "f1-score": 0.10805194805194805,
        "support": 1615.0
    },
    "3": {
        "precision": 0.1707920792079208,
        "recall": 0.35384615384615387,
        "f1-score": 0.2303839732888147,
        "support": 195.0
    },
    "4": {
        "precision": 0.0983224603914259,
        "recall": 0.7326388888888888,
        "f1-score": 0.17337715694330322,
        "support": 288.0
    },
    "accuracy": 0.42549045082499676,
    "macro avg": {
        "precision": 0.3065793650069811,
        "recall": 0.40163414354723315,
        "f1-score": 0.26474654951996623,
        "support": 7697.0
    },
    "weighted avg": {
        "precision": 0.6259399385587694,
        "recall": 0.42549045082499676,
        "f1-score": 0.4737381652891859,
        "support": 7697.0
    }
}