{
    "class_0": 0.7315098540719955,
    "class_1": 0.6098344315555244,
    "class_2": 0.6673524779509755,
    "class_3": 0.7845887250579332,
    "class_4": 0.8513315730867863
}