{
    "0": {
        "precision": 0.7972292191435768,
        "recall": 0.6226637812315562,
        "f1-score": 0.6992157295924003,
        "support": 5083.0
    },
    "1": {
        "precision": 0.10315186246418338,
        "recall": 0.20889748549323017,
        "f1-score": 0.13810741687979539,
        "support": 517.0
    },
    "2": {
        "precision": 0.34085778781038373,
        "recall": 0.09344059405940594,
        "f1-score": 0.1466731423020884,
        "support": 1616.0
    },
    "3": {
        "precision": 0.24152542372881355,
        "recall": 0.2923076923076923,
        "f1-score": 0.26450116009280744,
        "support": 195.0
    },
    "4": {
        "precision": 0.0899100899100899,
        "recall": 0.627177700348432,
        "f1-score": 0.15727391874180865,
        "support": 287.0
    },
    "accuracy": 0.47557807222655235,
    "macro avg": {
        "precision": 0.3145348766114095,
        "recall": 0.36889745068806334,
        "f1-score": 0.28115427352178,
        "support": 7698.0
    },
    "weighted avg": {
        "precision": 0.6143639221010234,
        "recall": 0.47557807222655235,
        "f1-score": 0.5143224508836315,
        "support": 7698.0
    }
}