{
    "class_0": 0.700743677891551,
    "class_1": 0.5926083149251854,
    "class_2": 0.4701181114699764,
    "class_3": 0.758206802748986,
    "class_4": 0.7981435449799879
}