{
    "0": {
        "precision": 0.8349033217649975,
        "recall": 0.43491735537190085,
        "f1-score": 0.5719137374766514,
        "support": 3872.0
    },
    "1": {
        "precision": 0.09446254071661238,
        "recall": 0.5546448087431693,
        "f1-score": 0.1614314115308151,
        "support": 366.0
    },
    "2": {
        "precision": 0.2474747474747475,
        "recall": 0.18513853904282115,
        "f1-score": 0.21181556195965417,
        "support": 794.0
    },
    "3": {
        "precision": 0.17796610169491525,
        "recall": 0.16030534351145037,
        "f1-score": 0.1686746987951807,
        "support": 131.0
    },
    "4": {
        "precision": 0.1918158567774936,
        "recall": 0.7075471698113207,
        "f1-score": 0.30181086519114686,
        "support": 106.0
    },
    "accuracy": 0.4042512810780034,
    "macro avg": {
        "precision": 0.30932451368575326,
        "recall": 0.4085106432961325,
        "f1-score": 0.28312925499068964,
        "support": 5269.0
    },
    "weighted avg": {
        "precision": 0.6656784857490508,
        "recall": 0.4042512810780034,
        "f1-score": 0.4736769370996903,
        "support": 5269.0
    }
}