{
    "class_0": 0.6913645385329839,
    "class_1": 0.6128772503507945,
    "class_2": 0.6116057582708301,
    "class_3": 0.819885659611516,
    "class_4": 0.9306823954187816
}