{
    "0": {
        "precision": 0.8282493368700266,
        "recall": 0.4914420617745426,
        "f1-score": 0.6168662797876281,
        "support": 5083.0
    },
    "1": {
        "precision": 0.07466596803772596,
        "recall": 0.5512572533849129,
        "f1-score": 0.13151822796492849,
        "support": 517.0
    },
    "2": {
        "precision": 0.350293542074364,
        "recall": 0.11076732673267327,
        "f1-score": 0.16831217677480018,
        "support": 1616.0
    },
    "3": {
        "precision": 0.2364341085271318,
        "recall": 0.3128205128205128,
        "f1-score": 0.2693156732891832,
        "support": 195.0
    },
    "4": {
        "precision": 0.4166666666666667,
        "recall": 0.13937282229965156,
        "f1-score": 0.20887728459530025,
        "support": 287.0
    },
    "accuracy": 0.39789555728760717,
    "macro avg": {
        "precision": 0.38126192443518303,
        "recall": 0.3211319954024586,
        "f1-score": 0.278977928482368,
        "support": 7698.0
    },
    "weighted avg": {
        "precision": 0.6469675283546564,
        "recall": 0.39789555728760717,
        "f1-score": 0.46609288628951684,
        "support": 7698.0
    }
}