{
    "class_0": 0.7138940245838771,
    "class_1": 0.6025444051396105,
    "class_2": 0.512539792391768,
    "class_3": 0.7831209396583247,
    "class_4": 0.8044690137130183
}