{
    "0": {
        "precision": 0.8302945301542777,
        "recall": 0.4658666142042101,
        "f1-score": 0.5968494013862634,
        "support": 5083.0
    },
    "1": {
        "precision": 0.09614469300333174,
        "recall": 0.390715667311412,
        "f1-score": 0.15431627196333078,
        "support": 517.0
    },
    "2": {
        "precision": 0.32113821138211385,
        "recall": 0.09777227722772278,
        "f1-score": 0.14990512333965844,
        "support": 1616.0
    },
    "3": {
        "precision": 0.21810699588477367,
        "recall": 0.2717948717948718,
        "f1-score": 0.2420091324200913,
        "support": 195.0
    },
    "4": {
        "precision": 0.09054726368159204,
        "recall": 0.6341463414634146,
        "f1-score": 0.1584675663909447,
        "support": 287.0
    },
    "accuracy": 0.38490517017407117,
    "macro avg": {
        "precision": 0.31124633882121777,
        "recall": 0.3720591544003263,
        "f1-score": 0.26030949910005774,
        "support": 7698.0
    },
    "weighted avg": {
        "precision": 0.631017300795604,
        "recall": 0.38490517017407117,
        "f1-score": 0.4479716382884419,
        "support": 7698.0
    }
}