{
    "class_0": 0.705012133196961,
    "class_1": 0.5997233188698847,
    "class_2": 0.5020467492942982,
    "class_3": 0.7440808292067789,
    "class_4": 0.7998631378067352
}