{
    "0": {
        "precision": 0.8222222222222222,
        "recall": 0.5064566115702479,
        "f1-score": 0.6268179638804539,
        "support": 3872.0
    },
    "1": {
        "precision": 0.0999194198227236,
        "recall": 0.33879781420765026,
        "f1-score": 0.15432482887367766,
        "support": 366.0
    },
    "2": {
        "precision": 0.22415458937198068,
        "recall": 0.29219143576826195,
        "f1-score": 0.2536905412793876,
        "support": 794.0
    },
    "3": {
        "precision": 0.15950920245398773,
        "recall": 0.1984732824427481,
        "f1-score": 0.17687074829931973,
        "support": 131.0
    },
    "4": {
        "precision": 0.16179775280898875,
        "recall": 0.6792452830188679,
        "f1-score": 0.2613430127041742,
        "support": 106.0
    },
    "accuracy": 0.4583412412222433,
    "macro avg": {
        "precision": 0.29352063733598055,
        "recall": 0.40303288540155524,
        "f1-score": 0.29460941900740256,
        "support": 5269.0
    },
    "weighted avg": {
        "precision": 0.6521616935623721,
        "recall": 0.4583412412222433,
        "f1-score": 0.5192303588275898,
        "support": 5269.0
    }
}