{
    "stage1": {
        "accuracy": [
            0.29241907596588135,
            0.3224337100982666,
            0.33052709698677063,
            0.3397592306137085,
            0.33557018637657166,
            0.35899627208709717,
            0.3614771366119385,
            0.37575238943099976
        ],
        "loss": [
            1.6278589963912964,
            1.4554731845855713,
            1.4424338340759277,
            1.4073278903961182,
            1.419395089149475,
            1.3400628566741943,
            1.325817346572876,
            1.2987463474273682
        ],
        "val_accuracy": [
            0.2218637317419052,
            0.2693110704421997,
            0.6323780417442322,
            0.529891848564148,
            0.31827670335769653,
            0.40254318714141846,
            0.45985954999923706,
            0.44619473814964294
        ],
        "val_loss": [
            1.3731549978256226,
            1.4083187580108643,
            1.0658432245254517,
            1.1806604862213135,
            1.299835205078125,
            1.2385982275009155,
            1.2946667671203613,
            1.224660038948059
        ],
        "learning_rate": [
            0.0010000000474974513,
            0.0010000000474974513,
            0.0010000000474974513,
            0.0010000000474974513,
            0.0010000000474974513,
            0.0003000000142492354,
            0.0003000000142492354,
            9.000000136438757e-05
        ]
    },
    "stage2": {
        "accuracy": [
            0.40296080708503723,
            0.35537660121917725,
            0.35082152485847473,
            0.3634699881076813
        ],
        "loss": [
            1.3411000967025757,
            1.3294885158538818,
            1.3167721033096313,
            1.3094408512115479
        ],
        "val_accuracy": [
            0.4642246961593628,
            0.45226797461509705,
            0.46213701367378235,
            0.45929017663002014
        ],
        "val_loss": [
            1.2134438753128052,
            1.2142165899276733,
            1.217214822769165,
            1.2195838689804077
        ],
        "learning_rate": [
            9.999999974752427e-07,
            9.999999974752427e-07,
            9.999999974752427e-07,
            3.000000106112566e-07
        ]
    }
}