{
    "accuracy": [
        0.40296080708503723,
        0.35537660121917725,
        0.35082152485847473,
        0.3634699881076813
    ],
    "loss": [
        1.3411000967025757,
        1.3294885158538818,
        1.3167721033096313,
        1.3094408512115479
    ],
    "val_accuracy": [
        0.4642246961593628,
        0.45226797461509705,
        0.46213701367378235,
        0.45929017663002014
    ],
    "val_loss": [
        1.2134438753128052,
        1.2142165899276733,
        1.217214822769165,
        1.2195838689804077
    ],
    "learning_rate": [
        9.999999974752427e-07,
        9.999999974752427e-07,
        9.999999974752427e-07,
        3.000000106112566e-07
    ]
}