{
    "class_0": 0.6794185592503417,
    "class_1": 0.589110715085779,
    "class_2": 0.583043355895473,
    "class_3": 0.8056094538820167,
    "class_4": 0.925310354152734
}