{
    "accuracy": [
        0.5739160180091858,
        0.6787299513816833,
        0.7074086666107178,
        0.7244793176651001,
        0.7415500283241272,
        0.7456469535827637
    ],
    "loss": [
        1.995232105255127,
        1.1375912427902222,
        0.9289394617080688,
        0.8505564332008362,
        0.8510313630104065,
        0.8103072643280029
    ],
    "val_accuracy": [
        0.7244201898574829,
        0.729877233505249,
        0.7285129427909851,
        0.7230559587478638,
        0.7216916680335999,
        0.7148703932762146
    ],
    "val_loss": [
        0.7025735378265381,
        0.7123154401779175,
        0.7189149260520935,
        0.726340115070343,
        0.7315855622291565,
        0.736236035823822
    ],
    "learning_rate": [
        9.999999747378752e-06,
        9.999999747378752e-06,
        9.999999747378752e-06,
        2.9999998787388904e-06,
        2.9999998787388904e-06,
        8.999999749903509e-07
    ]
}