{
    "0": {
        "precision": 0.85625,
        "recall": 0.5829787234042553,
        "f1-score": 0.6936708860759494,
        "support": 940.0
    },
    "1": {
        "precision": 0.10278745644599303,
        "recall": 0.6210526315789474,
        "f1-score": 0.17638266068759342,
        "support": 95.0
    },
    "2": {
        "precision": 0.6578313253012048,
        "recall": 0.40625,
        "f1-score": 0.5022999080036799,
        "support": 672.0
    },
    "3": {
        "precision": 0.3235294117647059,
        "recall": 0.6285714285714286,
        "f1-score": 0.42718446601941745,
        "support": 35.0
    },
    "4": {
        "precision": 0.5164835164835165,
        "recall": 0.6861313868613139,
        "f1-score": 0.5893416927899686,
        "support": 137.0
    },
    "accuracy": 0.5300691857370942,
    "macro avg": {
        "precision": 0.4913763419990841,
        "recall": 0.5849968340831891,
        "f1-score": 0.47777592271532177,
        "support": 1879.0
    },
    "weighted avg": {
        "precision": 0.7124982597843457,
        "recall": 0.5300691857370942,
        "f1-score": 0.5865054774231463,
        "support": 1879.0
    }
}