{
    "accuracy": [
        0.37615516781806946,
        0.44677695631980896,
        0.46902453899383545,
        0.4723331332206726,
        0.5006275177001953,
        0.4994865953922272,
        0.5091842412948608,
        0.5181973576545715,
        0.5163719058036804,
        0.5196805596351624,
        0.5185396671295166,
        0.5313177704811096,
        0.5215060114860535,
        0.5262977480888367,
        0.5374786257743835,
        0.525499165058136,
        0.5367940664291382,
        0.5138619542121887
    ],
    "loss": [
        1.4846580028533936,
        1.2640354633331299,
        1.1821457147598267,
        1.148093819618225,
        1.0980058908462524,
        1.0877994298934937,
        1.0503385066986084,
        1.0313063859939575,
        1.0170453786849976,
        0.9894198179244995,
        1.0141159296035767,
        0.9946339726448059,
        0.9967676997184753,
        1.008752465248108,
        1.001772403717041,
        0.9863106608390808,
        0.9769854545593262,
        1.0100947618484497
    ],
    "val_accuracy": [
        0.47976571321487427,
        0.3839190602302551,
        0.46166133880615234,
        0.5191693305969238,
        0.4861554801464081,
        0.5250266194343567,
        0.47976571321487427,
        0.4148029685020447,
        0.49148029088974,
        0.5266240835189819,
        0.5143769979476929,
        0.5090521574020386,
        0.5324813723564148,
        0.5298189520835876,
        0.5228967070579529,
        0.5276890397071838,
        0.5276890397071838,
        0.5271565318107605
    ],
    "val_loss": [
        1.2466446161270142,
        1.3386014699935913,
        1.1304755210876465,
        1.0558937788009644,
        1.1231935024261475,
        1.055860161781311,
        1.1082398891448975,
        1.2015725374221802,
        1.1012924909591675,
        1.051073670387268,
        1.0648812055587769,
        1.074904203414917,
        1.0468779802322388,
        1.0515650510787964,
        1.058766484260559,
        1.0510011911392212,
        1.0505127906799316,
        1.0519108772277832
    ],
    "learning_rate": [
        0.0010000000474974513,
        0.0010000000474974513,
        0.0010000000474974513,
        0.0010000000474974513,
        0.0010000000474974513,
        0.0010000000474974513,
        0.0003000000142492354,
        0.0003000000142492354,
        9.000000136438757e-05,
        9.000000136438757e-05,
        9.000000136438757e-05,
        9.000000136438757e-05,
        2.700000004551839e-05,
        2.700000004551839e-05,
        2.700000004551839e-05,
        8.099999831756577e-06,
        8.099999831756577e-06,
        2.429999995001708e-06
    ]
}