{
    "accuracy": [
        0.5259554982185364,
        0.5435253977775574,
        0.5326868295669556,
        0.523787796497345
    ],
    "loss": [
        0.9939280152320862,
        0.9799802899360657,
        0.9766114354133606,
        0.9699633121490479
    ],
    "val_accuracy": [
        0.5314164161682129,
        0.5266240835189819,
        0.5250266194343567,
        0.5266240835189819
    ],
    "val_loss": [
        1.0469894409179688,
        1.0568784475326538,
        1.0529354810714722,
        1.0507605075836182
    ],
    "learning_rate": [
        9.999999974752427e-07,
        9.999999974752427e-07,
        9.999999974752427e-07,
        3.000000106112566e-07
    ]
}