{
    "class_0": 0.8672421997144995,
    "class_1": 0.7247285815435449,
    "class_2": 0.7618566792914349,
    "class_3": 0.9284474744344592,
    "class_4": 0.9426910925440177
}