{
    "dataset_name": "DDR",
    "experiment_name": "exp1_baseline",
    "model_name": "mobilenet",
    "stage1_best_val_accuracy": 0.5324813723564148,
    "stage1_best_val_loss": 1.0468779802322388,
    "stage2_best_val_accuracy": 0.5314164161682129,
    "stage2_best_val_loss": 1.0469894409179688,
    "final_train_accuracy": 0.523787796497345,
    "final_val_accuracy": 0.5266240835189819,
    "final_train_loss": 0.9699633121490479,
    "final_val_loss": 1.0507605075836182,
    "test_accuracy": 0.5300691857370942,
    "test_precision_macro": 0.4913763419990841,
    "test_recall_macro": 0.5849968340831891,
    "test_f1_macro": 0.47777592271532177,
    "test_precision_weighted": 0.7124982597843457,
    "test_recall_weighted": 0.5300691857370942,
    "test_f1_weighted": 0.5865054774231463,
    "test_auc_macro_ovr": 0.8449932055055912,
    "test_auc_weighted_ovr": 0.8289882452080081
}